N,k,Result,Time(seconds)
1000,2,977,0.000000
5000,2,1809,0.008000
10000,2,3617,0.035000
50000,2,34465,0.860000
100000,2,68929,3.357000
